iter	RMSE
0	599.8632954
50	173.3080054
100	127.6658538
